<?xml version="1.0" encoding="UTF-8"?>
<project-private xmlns="http://www.netbeans.org/ns/project-private/1">
    <editor-bookmarks xmlns="http://www.netbeans.org/ns/editor-bookmarks/2" lastBookmarkId="0"/>
    <open-files xmlns="http://www.netbeans.org/ns/projectui-open-files/2">
        <group>
            <file>file:/D:/FPTU/Semester3/Lab1/Lab1Ver3/src/tools/inputter.java</file>
            <file>file:/D:/FPTU/Semester3/Lab1/Lab1Ver3/src/services/SetMenuList.java</file>
            <file>file:/D:/FPTU/Semester3/Lab1/Lab1Ver3/src/services/OrderList.java</file>
            <file>file:/D:/FPTU/Semester3/Lab1/Lab1Ver3/src/services/CustomerList.java</file>
            <file>file:/D:/FPTU/Semester3/Lab1/Lab1Ver3/src/dto/Customer.java</file>
            <file>file:/D:/FPTU/Semester3/Lab1/Lab1Ver3/src/controller/app.java</file>
            <file>file:/D:/FPTU/Semester3/Lab1/Lab1Ver3/src/dto/SetMenu.java</file>
            <file>file:/D:/FPTU/Semester3/Lab1/Lab1Ver3/src/dto/Order.java</file>
        </group>
    </open-files>
</project-private>
